Year,Airline,Destination,Cost of ticket (£),Customer satisfaction, Total_CO2_emissions ,Average Number of seat,Total revenue,Origin Airport ,Scheduled Arrival Time             ,Actual Arrival Time             ,Taxi-in Time (Minutes), Mileage covered ,,,
2010,Emirates,Accra,750,2," 41,530.00 ",2096,1572000,LAX,06:10,05:49,8," 635,000 ",,,
2010,Emirates,Accra,750,2," 1,559,739.00 ",2096,1572000,LAX,06:10,05:49,8," 104,000,000 ",,,
2010,Emirates,Accra,750,3, 817.07 ,130,97500,SLC,14:15,14:38,7," 24,900,000 ",,,
2010,Emirates,Accra,750,3, 260.00 ,130,97500,SLC,14:15,14:38,7," 235,000 ",,,
2010,Emirates,Armsterdam,170,4," 4,785.18 ",1054,179180,SEA,19:40,20:02,10," 509,000 ",,,
2010,Emirates,Armsterdam,170,4," 527,970.00 ",1054,179180,SEA,19:40,20:02,10," 378,000 ",,,
2010,Emirates,Barcelona,200,4," 3,287,260.00 ",1982,396400,MIA,08:35,09:02,16," 104,000 ",,,
2010,Emirates,Barcelona,200,4," 692,421.40 ",1982,396400,MIA,08:35,09:02,16," 9,930,000 ",,,
2010,Emirates,Belfast,150,1," 28,050.00 ",1920,288000,DFW,14:03,14:35,10," 14,600,000 ",,,
2010,Emirates,Belfast,150,1," 319,000.00 ",1920,288000,DFW,14:03,14:35,10," 779,000 ",,,
2010,Emirates,Berlin,120,2," 247,873.27 ",1695,203400,CMH,18:45,18:54,16," 2,420,000 ",,,
2010,Emirates,Berlin,120,2," 1,810,400.60 ",1695,203400,CMH,18:45,18:54,16," 434,360 ",,,
2010,Emirates,Dubai,350,3," 3,321,244.00 ",687,240450,CVG,08:49,08:40,22," 3,980,000 ",,,
2010,Emirates,Dubai,350,3," 185,180.00 ",687,240450,CVG,08:49,08:40,22," 2,590,000 ",,,
2010,Emirates,Dublin,250,5," 180,924.66 ",1164,291000,DTW,09:00,08:42,12," 1,140,000 ",,,
2010,Emirates,Dublin,250,5," 5,894,853.50 ",1164,291000,DTW,09:00,08:42,12," 6,440,000 ",,,
2010,Emirates,Lisbon,320,2," 9,984,670.00 ",1869,598080,BOS,19:58,20:06,9," 121,000,000 ",,,
2010,Emirates,Lisbon,320,2," 80,311.23 ",1869,598080,BOS,19:58,20:06,9," 2,290 ",,,
2010,Emirates,London,450,2, 937.98 ,1623,730350,CHS,08:26,08:13,11," 563,000 ",,,
2010,Emirates,London,450,2," 390,000.00 ",1623,730350,CHS,08:26,08:13,11," 4,425,350 ",,,
2010,Emirates,Milan,180,1," 134,300.25 ",1553,279540,SAV,16:31,16:14,10," 227,000 ",,,
2010,Emirates,Milan,180,1," 32,589.00 ",1553,279540,SAV,16:31,16:14,10," 142,000 ",,,
2010,Emirates,New York,450,4," 1,630.48 ",1310,589500,MCO,11:04,10:50,8," 2,123,590 ",,,
2010,Emirates,New York,450,4," 8,501,228.00 ",1310,589500,MCO,11:04,10:50,8," 232,000 ",,,
2010,Emirates,Paris,150,2," 2,590.00 ",2034,305100,FLL,12:07,12:01,6," 16,600,000 ",,,
2010,Emirates,Paris,150,2," 208,531.11 ",2034,305100,FLL,12:07,12:01,6," 27,900,000 ",,,
2010,Emirates,Tokyo,1500,2," 29,800.00 ",1769,2653500,LGA,08:44,08:19,9," 314,000 ",,,
2010,Emirates,Tokyo,1500,2," 3,450,710.80 ",1769,2653500,LGA,08:44,08:19,9," 3,700,000 ",,,
2010,KLM,Accra,750,4," 48,005.73 ",1494,1120500,SAT,08:48,08:48,10," 3,242,440 ",,,
2010,KLM,Accra,750,4," 312,000.00 ",1494,1120500,SAT,08:48,08:48,10," 2,050,000 ",,,
2010,KLM,Armsterdam,170,5," 11,017.65 ",1637,278290,IAD,14:10,14:02,11," 6,780,000 ",,,
2010,KLM,Armsterdam,170,5," 5,018,648.00 ",1637,278290,IAD,14:10,14:02,11," 4,440,000 ",,,
2010,KLM,Barcelona,200,3," 1,491.25 ",1077,215400,MSP,11:16,12:36,9," 2,130,000 ",,,
2010,KLM,Barcelona,200,3," 32,468.25 ",1077,215400,MSP,11:16,12:36,9," 149,000 ",,,
2010,KLM,Belfast,150,1, 373.73 ,1017,152550,PHL,16:26,16:22,9," 17,100,000 ",,,
2010,KLM,Belfast,150,1," 5,130.00 ",1017,152550,PHL,16:26,16:22,9," 16,700 ",,,
2010,KLM,Berlin,120,4," 377,910.00 ",1995,239400,BUF,13:54,13:53,8," 874,000 ",,,
2010,KLM,Berlin,120,4," 930,155.10 ",1995,239400,BUF,13:54,13:53,8," 2,730,000 ",,,
2010,KLM,Dubai,350,4," 62,357.62 ",1577,551950,MCI,10:10,09:54,8," 1,990,000 ",,,
2010,KLM,Dubai,350,4," 6,687,714.00 ",1577,551950,MCI,10:10,09:54,8," 208,000 ",,,
2010,KLM,Dublin,250,2," 5,558.29 ",1714,428500,ONT,13:41,14:07,12," 1,100,000 ",,,
2010,KLM,Dublin,250,2," 567,856.00 ",1714,428500,ONT,13:41,14:07,12," 426,000 ",,,
2010,KLM,Lisbon,320,3," 5,891.71 ",409,130880,CLT,08:48,09:17,8," 7,380,000 ",,,
2010,KLM,Lisbon,320,3,,409,130880,CLT,08:48,09:17,8," 547,000 ",,,
2010,KLM,London,450,1," 267,670.00 ",1951,877950,DCA,08:00,07:59,9," 3,450,000 ",,,
2010,KLM,London,450,1," 219,000.00 ",1951,877950,DCA,08:00,07:59,9," 133,000 ",,,
2010,KLM,Milan,180,2," 2,344,860.00 ",1885,339300,BWI,14:33,14:36,9," 2,320,000 ",,,
2010,KLM,Milan,180,2," 7,598,241.50 ",1885,339300,BWI,14:33,14:36,9," 156,000 ",,,
2010,KLM,New York,450,3," 207,600.00 ",1789,805050,LGA,18:54,18:37,15," 3,453,330 ",,,
2010,KLM,New York,450,3," 104,000,000.00 ",1789,805050,LGA,18:54,18:37,15," 489,000 ",,,
2010,KLM,Paris,150,4," 6,452.30 ",1228,184200,RSW,15:22,15:17,17," 2,350,000 ",,,
2010,KLM,Paris,150,4," 2,749,235.00 ",1228,184200,RSW,15:22,15:17,17," 7,900,000 ",,,
2010,KLM,Tokyo,1500,1, 320.00 ,2056,3084000,TPA,08:09,07:58,5," 329,000 ",,,
2010,KLM,Tokyo,1500,1," 462,000.00 ",2056,3084000,TPA,08:09,07:58,5," 19,500,000 ",,,
2010,KLM,Tokyo,1500,5," 323,444.00 ",218,327000,IAH,19:04,19:19,14," 36,453,790 ",,,
2010,KLM,Tokyo,1500,5," 323,800.00 ",218,327000,IAH,19:04,19:19,14," 12,147 ",,,
2010,Monarch,Accra,750,4," 581,730.00 ",1853,1389750,BOS,10:21,10:07,20," 64,400,000 ",,,
2010,Monarch,Accra,750,4," 18,700,000.00 ",1853,1389750,BOS,10:21,10:07,20," 5,475,900 ",,,
2010,Monarch,Armsterdam,170,1," 245,860.00 ",1964,333880,COS,12:33,12:46,11," 21,900,000 ",,,
2010,Monarch,Armsterdam,170,1," 3,431,234.00 ",1964,333880,COS,12:33,12:46,11," 6,970,000 ",,,
2010,Monarch,Barcelona,200,4," 5,235.86 ",1659,331800,SAV,12:53,12:57,7," 134,225 ",,,
2010,Monarch,Barcelona,200,4," 87,407.91 ",1659,331800,SAV,12:53,12:57,7," 112,000 ",,,
2010,Monarch,Belfast,150,1, 190.53 ,1605,240750,CVG,18:19,18:20,29," 76,400 ",,,
2010,Monarch,Belfast,150,1," 396,000.00 ",1605,240750,CVG,18:19,18:20,29," 12,700,000 ",,,
2010,Monarch,Berlin,120,4," 451,573.34 ",1092,131040,LAS,06:13,06:02,9," 2,080,000 ",,,
2010,Monarch,Berlin,120,4," 38,500,000.00 ",1092,131040,LAS,06:13,06:02,9," 1,060,000 ",,,
2010,Monarch,Dubai,350,2," 78,870.00 ",1900,665000,DEN,12:22,13:00,7," 10,300,000 ",,,
2010,Monarch,Dubai,350,2," 2,501,667.20 ",1900,665000,DEN,12:22,13:00,7," 625,253 ",,,
2010,Monarch,Dublin,250,3," 199,900.00 ",2014,503500,ELP,12:44,12:59,8," 52,200 ",,,
2010,Monarch,Dublin,250,3," 2,335,119.50 ",2014,503500,ELP,12:44,12:59,8," 164,000,000 ",,,
2010,Monarch,Lisbon,320,3," 2,638.08 ",1518,485760,SNA,14:14,14:06,8," 4,253,650 ",,,
2010,Monarch,Lisbon,320,3," 46,700,000.00 ",1518,485760,SNA,14:14,14:06,8," 13,500,000 ",,,
2010,Monarch,London,450,3," 18,202.75 ",1035,465750,CMH,16:40,16:30,10," 757,000 ",,,
2010,Monarch,London,450,3," 243,610.00 ",1035,465750,CMH,16:40,16:30,10," 1,040,000 ",,,
2010,Monarch,Milan,180,2, 252.82 ,529,95220,CHS,07:22,07:02,11," 6,810,000 ",,,
2010,Monarch,Milan,180,2," 1,219,090.00 ",529,95220,CHS,07:22,07:02,11," 563,329 ",,,
2010,Monarch,New York,450,1," 73,602.43 ",64,28800,LAS,18:00,17:58,10," 468,000 ",,,
2010,Monarch,New York,450,1," 300,000.00 ",264,118800,LAS,18:00,17:58,10," 654,000 ",,,
2010,Monarch,New York,450,3," 1,566,500.00 ",2076,934200,MSY,15:02,14:42,7," 4,125,580 ",,,
2010,Monarch,New York,450,3," 8,679,260.00 ",2076,934200,MSY,15:02,14:42,7," 282,000 ",,,
2010,Monarch,Paris,150,1," 11,457.33 ",1734,260100,MIA,20:53,20:45,13," 40,900 ",,,
2010,Monarch,Paris,150,1," 68,100,000.00 ",1734,260100,MIA,20:53,20:45,13," 220,000 ",,,
2010,Monarch,Tokyo,1500,3," 10,270.19 ",1291,1936500,STL,15:12,15:02,16," 10,400,000 ",,,
2010,Monarch,Tokyo,1500,3," 32,700,000.00 ",1291,1936500,STL,15:12,15:02,16," 18,900,000 ",,,
2011,Air India,Accra,750,5," 84,532.14 ",1118,838500,MCO,18:34,18:31,15," 1,330,000 ",,,
2011,Air India,Accra,750,5," 153,848.69 ",1118,838500,MCO,18:34,18:31,15," 614,000 ",,,
2011,Air India,Armsterdam,170,4," 29,945.87 ",1520,258400,JAX,17:05,17:02,8," 2,680,000 ",,,
2011,Air India,Armsterdam,170,4," 132,161.75 ",1520,258400,JAX,17:05,17:02,8," 1,430,000 ",,,
2011,Air India,Barcelona,200,2, 139.23 ,543,108600,DFW,08:42,09:11,19," 918,000,000 ",,,
2011,Air India,Barcelona,200,2," 505,370.00 ",543,108600,DFW,08:42,09:11,19," 1,610,000 ",,,
2011,Air India,Belfast,150,1," 36,629.01 ",66,9900,DFW,15:18,15:14,9," 2,090,000 ",,,increase customer satisfaction
2011,Air India,Belfast,150,1," 312,690.00 ",266,39900,DFW,15:18,15:14,9," 944,000 ",,,
2011,Air India,Belfast,150,4," 26,353.00 ",2079,311850,MDW,12:40,12:52,8," 1,250,000 ",,,
2011,Air India,Belfast,150,4," 7,368,983.00 ",2079,311850,MDW,12:40,12:52,8," 23,400,000 ",,,
2011,Air India,Berlin,120,2," 43,090.00 ",1902,228240,DEN,13:36,14:29,9," 678,000 ",,,
2011,Air India,Berlin,120,2," 23,846.64 ",1902,228240,DEN,13:36,14:29,9," 148,000 ",,,
2011,Air India,Dubai,350,4," 2,813.95 ",1292,452200,PBI,10:05,09:55,17," 3,840,000 ",,,
2011,Air India,Dubai,350,4," 222,181.12 ",1292,452200,PBI,10:05,09:55,17," 98,800,000 ",,,
2011,Air India,Dublin,250,2, 150.22 ,1606,401500,MSY,17:42,17:44,14," 38,400 ",,,
2011,Air India,Dublin,250,2," 1,409,539.50 ",1606,401500,MSY,17:42,17:44,14," 113,000,000 ",,,
2011,Air India,Lisbon,320,2," 236,800.00 ",2015,644800,EWR,15:25,15:05,9," 165,000 ",,,
2011,Air India,Lisbon,320,2," 62,000,000.00 ",2015,644800,EWR,15:25,15:05,9," 34,300,000 ",,,
2011,Air India,London,450,2," 8,514,880.00 ",1854,834300,PNS,09:06,09:08,14," 80,500,000 ",,,
2011,Air India,London,450,2," 4,896,461.50 ",1854,834300,PNS,09:06,09:08,14," 2,290,000 ",,,
2011,Air India,Milan,180,2," 652,090.00 ",1737,312660,JFK,16:40,16:10,8," 562,000 ",,,
2011,Air India,Milan,180,2," 1,454,675.00 ",1737,312660,JFK,16:40,16:10,8," 600,000 ",,,
2011,Air India,New York,450,5," 4,671.60 ",1664,748800,MCI,12:34,12:41,12," 15,300 ",,,
2011,Air India,New York,450,5," 3,541,382.50 ",1664,748800,MCI,12:34,12:41,12," 798,000 ",,,
2011,Air India,Paris,150,3," 7,881.26 ",1036,155400,PHX,06:18,06:05,7," 836,000 ",,,
2011,Air India,Paris,150,3," 9,632,030.00 ",1036,155400,PHX,06:18,06:05,7," 1,620,000 ",,,
2011,Air India,Tokyo,1500,2," 36,120.00 ",1965,2947500,DCA,15:01,14:59,11," 36,200,000 ",,,
2011,Air India,Tokyo,1500,2," 2,669,899.80 ",1965,2947500,DCA,15:01,14:59,11," 56,343,540 ",,,
2011,Belgium Air,Accra,750,4," 41,634.03 ",1696,1272000,STL,08:45,08:58,10," 2,460,000 ",,,
2011,Belgium Air,Accra,750,4," 453,656.00 ",1696,1272000,STL,08:45,08:58,10," 181,000 ",,,
2011,Belgium Air,Armsterdam,170,1," 4,030.00 ",1877,319090,BWI,08:50,08:52,20," 8,100,000,000 ",,,
2011,Belgium Air,Armsterdam,170,1," 2,885,131.00 ",1877,319090,BWI,08:50,08:52,20," 3,230,000 ",,,
2011,Belgium Air,Barcelona,200,1," 433,531.00 ",1554,310800,BHM,08:11,08:30,30," 9,320,000 ",,,
2011,Belgium Air,Barcelona,200,1," 5,998,914.00 ",1554,310800,BHM,08:11,08:30,30," 414,000,000 ",,,
2011,Belgium Air,Belfast,150,5," 3,407.52 ",1312,196800,MCO,12:05,11:54,8," 1,320,000 ",,,
2011,Belgium Air,Belfast,150,5," 525,155.40 ",1312,196800,MCO,12:05,11:54,8," 12,984,890 ",,,
2011,Belgium Air,Berlin,120,4," 7,302.35 ",1005,120600,PHL,08:33,09:03,7," 4,245,670 ",,,
2011,Belgium Air,Berlin,120,4," 4,563,232.00 ",1005,120600,PHL,08:33,09:03,7," 2,360,000 ",,,
2011,Belgium Air,Dubai,350,1," 7,741,220.00 ",1771,619850,LGA,09:46,09:39,9," 340,000 ",,,
2011,Belgium Air,Dubai,350,1," 19,800,000.00 ",1771,619850,LGA,09:46,09:39,9," 8,030,000 ",,,
2011,Belgium Air,Dublin,250,2," 117,600.00 ",1921,480250,CHS,13:09,13:19,10," 3,790,000 ",,,
2011,Belgium Air,Dublin,250,2," 3,147,991.20 ",1921,480250,CHS,13:09,13:19,10," 45,200 ",,,
2011,Belgium Air,Lisbon,320,3," 11,090.93 ",1175,376000,DTW,12:37,12:46,7," 30,000,000 ",,,
2011,Belgium Air,Lisbon,320,3," 1,789,263.80 ",1175,376000,DTW,12:37,12:46,7," 97,400,000 ",,,
2011,Belgium Air,London,450,2, 800.00 ,2097,943650,CLT,10:37,10:28,9," 4,030,000 ",,,
2011,Belgium Air,London,450,2," 3,473,300.80 ",2097,943650,CLT,10:37,10:28,9," 18,600,000 ",,,
2011,Belgium Air,London,450,3," 2,564.80 ",147,66150,EWR,19:32,19:19,23," 1,080,000 ",,,
2011,Belgium Air,London,450,3, 620.00 ,147,66150,EWR,19:32,19:19,23," 38,700 ",,,
2011,Belgium Air,Milan,180,1, 28.20 ,2036,366480,FLL,13:39,13:27,9," 23,800,000 ",,,
2011,Belgium Air,Milan,180,1," 3,606,961.00 ",2036,366480,FLL,13:39,13:27,9," 92,500,000 ",,,
2011,Belgium Air,New York,450,5," 1,904,570.00 ",1984,892800,MIA,09:49,09:41,12," 6,440,000 ",,,
2011,Belgium Air,New York,450,5," 52,488.00 ",1984,892800,MIA,09:49,09:41,12," 49,400,000 ",,,
2011,Belgium Air,Paris,150,2," 56,275.38 ",1627,244050,MSP,16:43,16:59,14," 12,000 ",,,
2011,Belgium Air,Paris,150,2," 2,492,343.50 ",1627,244050,MSP,16:43,16:59,14," 6,390,000 ",,,
2011,Belgium Air,Tokyo,1500,5," 783,982.44 ",1055,1582500,TPA,09:14,09:12,13," 4,340,000 ",,,
2011,Belgium Air,Tokyo,1500,5," 752,610.00 ",1055,1582500,TPA,09:14,09:12,13," 1,150,000 ",,,
2011,Delta,Accra,750,3," 88,780.00 ",1996,1497000,MIA,18:10,18:23,17," 49,900,000 ",,,
2011,Delta,Accra,750,3," 12,000,000.00 ",1996,1497000,MIA,18:10,18:23,17," 142,230 ",,,
2011,Delta,Armsterdam,170,4," 44,422.34 ",418,71060,SJU,11:07,10:59,6," 4,830,000 ",,,
2011,Delta,Armsterdam,170,4, 460.00 ,418,71060,SJU,11:07,10:59,6," 623,220 ",,,
2011,Delta,Barcelona,200,1," 342,000.00 ",1887,377400,BWI,15:35,15:25,8," 52,400,000 ",,,
2011,Delta,Barcelona,200,1," 5,592,699.00 ",1887,377400,BWI,15:35,15:25,8," 2,700,000 ",,,
2011,Delta,Belfast,150,2," 30,530.00 ",1790,268500,SAT,16:40,17:15,10," 1,830,000 ",,,
2011,Delta,Belfast,150,2," 1,782,122.00 ",1790,268500,SAT,16:40,17:15,10," 3,500,000 ",,,
2011,Delta,Berlin,120,3," 3,252,246.00 ",1586,190320,SLC,12:38,12:51,13," 1,160,000 ",,,
2011,Delta,Berlin,120,3," 275,384.00 ",1586,190320,SLC,12:38,12:51,13," 593,000 ",,,
2011,Delta,Dubai,350,1," 543,445.00 ",2060,721000,TPA,10:10,10:11,18," 3,880,000 ",,,
2011,Delta,Dubai,350,1," 18,700,000.00 ",2060,721000,TPA,10:10,10:11,18," 1,020,000 ",,,
2011,Delta,Dubai,350,5," 137,535.56 ",216,75600,LAX,15:10,15:04,6," 4,790,000 ",,,
2011,Delta,Dubai,350,5," 309,500.00 ",316,110600,LAX,15:10,15:04,6," 1,850,000 ",,,
2011,Delta,Dublin,250,1, 113.58 ,1021,255250,PHL,19:22,19:01,11," 63,300 ",,,
2011,Delta,Dublin,250,1," 163,610.00 ",1021,255250,PHL,19:22,19:01,11," 119,000 ",,,
2011,Delta,Lisbon,320,5," 112,356.56 ",1716,549120,CLT,09:43,10:02,12," 216,000 ",,,
2011,Delta,Lisbon,320,5," 4,280,797.50 ",1716,549120,CLT,09:43,10:02,12," 2,325,250 ",,,
2011,Delta,London,450,1," 1,879.63 ",1500,675000,JAX,18:30,18:29,9," 4,090,000 ",,,
2011,Delta,London,450,1," 3,987,677.00 ",1500,675000,JAX,18:30,18:29,9," 120,000 ",,,
2011,Delta,Milan,180,5," 16,891.04 ",1248,224640,PBI,12:59,13:05,11," 11,600,000 ",,,
2011,Delta,Milan,180,5," 9,716,151.00 ",1248,224640,PBI,12:59,13:05,11," 56,800,000 ",,,
2011,Delta,New York,450,4," 1,766.05 ",1078,485100,LAS,13:21,13:17,6," 7,360,000 ",,,
2011,Delta,New York,450,4," 34,900,000.00 ",1078,485100,LAS,13:21,13:17,6," 830,000 ",,,
2011,Delta,Paris,150,1," 11,300.00 ",1953,292950,DCA,09:17,09:06,14," 552,000 ",,,
2011,Delta,Paris,150,1," 2,596,216.00 ",1953,292950,DCA,09:17,09:06,14," 44,800 ",,,
2011,Delta,Tokyo,1500,5," 10,618.27 ",1638,2457000,PBI,09:00,09:08,9," 198,000 ",,,
2011,Delta,Tokyo,1500,5," 2,273,923.80 ",1638,2457000,PBI,09:00,09:08,9," 4,040,000 ",,,
2012,Air France,Accra,750,2," 23,200.00 ",1904,1428000,DEN,15:59,15:59,8," 17,100,000 ",,,
2012,Air France,Accra,750,2," 161,494.08 ",1904,1428000,DEN,15:59,15:59,8," 16,700 ",,,
2012,Air France,Armsterdam,170,1," 64,590.00 ",2016,342720,JAX,13:09,15:35,8," 2,350,000 ",,,
2012,Air France,Armsterdam,170,1," 10,800,000.00 ",2016,342720,JAX,13:09,15:35,8," 7,900,000 ",,,increase revenue
2012,Air France,Barcelona,200,3," 28,750.00 ",1738,347600,SRQ,12:49,12:39,12," 36,453,790 ",,,
2012,Air France,Barcelona,200,3," 3,578,434.20 ",1738,347600,SRQ,12:49,12:39,12," 12,147 ",,,
2012,Air France,Belfast,150,5," 270,894.20 ",1675,251250,ABQ,18:24,18:27,10," 125,000 ",,,
2012,Air France,Belfast,150,5," 384,535.50 ",1675,251250,ABQ,18:24,18:27,10," 329,000 ",,,
2012,Air France,Berlin,120,5, 992.94 ,1296,155520,TUS,19:25,19:14,14," 434,000 ",,,
2012,Air France,Berlin,120,5," 18,900,000.00 ",1296,155520,TUS,19:25,19:14,14," 2,320,000 ",,,
2012,Air France,Dubai,350,3," 214,970.00 ",1967,688450,DCA,16:05,16:07,13," 2,130,000 ",,,
2012,Air France,Dubai,350,3," 8,363,115.50 ",1967,688450,DCA,16:05,16:07,13," 149,000 ",,,
2012,Air France,Dublin,250,1," 2,106.80 ",68,17000,SFO,14:44,14:35,7," 9,930,000 ",,,
2012,Air France,Dublin,250,1," 92,120.00 ",268,67000,SFO,14:44,14:35,7," 1,990,000 ",,,
2012,Air France,Dublin,250,3," 446,550.00 ",2080,520000,LAX,13:24,13:20,7," 3,242,440 ",,,
2012,Air France,Dublin,250,3," 46,926.00 ",2080,520000,LAX,13:24,13:20,7," 2,050,000 ",,,
2012,Air France,Lisbon,320,3," 4,431,346.00 ",1610,515200,MCI,08:41,08:49,28," 286,000 ",,,
2012,Air France,Lisbon,320,3," 841,000.00 ",1610,515200,MCI,08:41,08:49,28," 874,000 ",,,
2012,Air France,London,450,5," 42,348.51 ",1122,504900,EYW,14:45,14:42,10," 1,910,000 ",,,
2012,Air France,London,450,5," 7,057,977.00 ",1122,504900,EYW,14:45,14:42,10," 3,453,330 ",,,
2012,Air France,Milan,180,," 1,641.47 ",1038,186840,SAN,13:34,13:32,7," 104,000,000 ",,,
2012,Air France,Milan,180,," 176,220.00 ",1038,186840,SAN,13:34,13:32,7," 1,100,000 ",,,
2012,Air France,New York,450,3," 66,120.55 ",547,246150,SNA,16:02,15:43,10," 27,900,000 ",,,
2012,Air France,New York,450,3," 65,610.00 ",547,246150,SNA,16:02,15:43,10," 6,780,000 ",,,
2012,Air France,Paris,150,2," 5,770.00 ",1855,278250,BOS,11:42,11:13,8," 7,380,000 ",,,
2012,Air France,Paris,150,2," 462,783.00 ",1855,278250,BOS,11:42,11:13,8," 547,000 ",,,
2012,Air France,Tokyo,1500,5," 3,913.15 ",1521,2281500,PHL,20:01,20:04,14," 6,270,000 ",,,
2012,Air France,Tokyo,1500,5," 1,079,019.40 ",1521,2281500,PHL,20:01,20:04,14," 3,450,000 ",,,
2012,Air Portugal,Accra,750,4," 8,698.34 ",1007,755250,PHL,10:04,10:45,10," 19,500,000 ",,,
2012,Air Portugal,Accra,750,4," 142,550.00 ",1007,755250,PHL,10:04,10:45,10," 134,225 ",,,
2012,Air Portugal,Armsterdam,170,1, 25.65 ,1177,200090,RDU,13:53,13:47,10," 1,520,000 ",,,
2012,Air Portugal,Armsterdam,170,1," 1,053,828.40 ",1177,200090,RDU,13:53,13:47,10," 64,400,000 ",,,
2012,Air Portugal,Barcelona,200,3," 25,710.00 ",2042,408400,FLL,15:54,15:45,6," 10,400,000 ",,,
2012,Air Portugal,Barcelona,200,3," 3,177,861.20 ",2042,408400,FLL,15:54,15:45,6," 18,900,000 ",,,
2012,Air Portugal,Belfast,150,3," 1,745,150.00 ",1988,298200,MIA,13:28,13:36,11," 2,080,000 ",,,
2012,Air Portugal,Belfast,150,3," 6,325,693.50 ",1988,298200,MIA,13:28,13:36,11," 1,060,000 ",,,
2012,Air Portugal,Berlin,120,1," 83,870.00 ",1775,213000,LGA,12:02,11:24,10," 468,000 ",,,
2012,Air Portugal,Berlin,120,1," 53,000,000.00 ",1775,213000,LGA,12:02,11:24,10," 654,000 ",,,
2012,Air Portugal,Dubai,350,4," 7,317.01 ",1060,371000,SEA,06:12,06:05,9," 197,000 ",,,
2012,Air Portugal,Dubai,350,4," 390,760.00 ",1060,371000,SEA,06:12,06:05,9," 40,900 ",,,
2012,Air Portugal,Dublin,250,5," 421,517.56 ",1314,328500,MCO,13:08,13:07,10," 547,000 ",,,
2012,Air Portugal,Dublin,250,5," 7,522,057.50 ",1314,328500,MCO,13:08,13:07,10," 10,300,000 ",,,
2012,Air Portugal,Lisbon,320,2," 45,230.00 ",1924,615680,DFW,16:30,04:23,8," 757,000 ",,,
2012,Air Portugal,Lisbon,320,2," 540,000.00 ",1924,615680,DFW,16:30,04:23,8," 1,040,000 ",,,
2012,Air Portugal,London,450,2,,1703,766350,CMH,08:57,09:00,11," 290,000 ",,,
2012,Air Portugal,London,450,2," 1,448,118.00 ",1703,766350,CMH,08:57,09:00,11," 4,125,580 ",,,
2012,Air Portugal,Milan,180,1," 36,640.00 ",1628,293040,MCI,19:09,19:49,14," 113,000 ",,,
2012,Air Portugal,Milan,180,1," 1,841,373.00 ",1628,293040,MCI,19:09,19:49,14," 52,200 ",,,
2012,Air Portugal,New York,450,2," 5,884.38 ",1555,699750,BUF,16:28,16:13,9," 235,150 ",,,
2012,Air Portugal,New York,450,2," 2,970,876.50 ",1555,699750,BUF,16:28,16:13,9," 21,900,000 ",,,
2012,Air Portugal,Paris,150,1, 571.58 ,151,22650,SLC,15:25,15:50,12," 2,730,000 ",,,
2012,Air Portugal,Paris,150,1, 390.00 ,151,22650,SLC,15:25,15:50,12," 76,400 ",,,
2012,Air Portugal,Paris,150,2," 18,580.00 ",2098,314700,LAX,07:08,06:56,8," 4,253,650 ",,,
2012,Air Portugal,Paris,150,2," 370,415.40 ",2098,314700,LAX,07:08,06:56,8," 13,500,000 ",,,
2012,Air Portugal,Tokyo,1500,3," 623,000.00 ",1878,2817000,SAV,09:00,09:15,9," 6,810,000 ",,,
2012,Air Portugal,Tokyo,1500,3," 270,000.00 ",1878,2817000,SAV,09:00,09:15,9," 563,329 ",,,
2012,Flybe,Accra,750,1," 49,815.74 ",1588,1191000,PBI,19:40,19:43,19," 645,000 ",,,
2012,Flybe,Accra,750,1," 3,140,000.00 ",1588,1191000,PBI,19:40,19:43,19," 104,000 ",,,
2012,Flybe,Armsterdam,170,4, 87.94 ,1717,291890,IND,08:56,08:55,15," 179,000 ",,,
2012,Flybe,Armsterdam,170,4," 13,100,000.00 ",1717,291890,IND,08:56,08:55,15," 635,000 ",,,
2012,Flybe,Barcelona,200,5," 433,421.00 ",1253,250600,PIT,09:00,08:32,11," 20,500,000 ",,,
2012,Flybe,Barcelona,200,5," 25,900,000.00 ",1253,250600,PIT,09:00,08:32,11," 121,000,000 ",,,
2012,Flybe,Belfast,150,1," 7,430.59 ",1082,162300,LAS,17:05,17:03,9," 3,740,000 ",,,
2012,Flybe,Belfast,150,1," 1,934,320.80 ",1082,162300,LAS,17:05,17:03,9," 314,000 ",,,
2012,Flybe,Berlin,120,2," 1,030,700.00 ",2062,247440,TPA,11:25,11:20,9," 2,123,590 ",,,
2012,Flybe,Berlin,120,2," 2,516,255.50 ",2062,247440,TPA,11:25,11:20,9," 232,000 ",,,
2012,Flybe,Berlin,120,5," 4,224,544.00 ",222,26640,MSY,16:33,16:24,11," 6,970,000 ",,,
2012,Flybe,Berlin,120,5," 796,100.00 ",322,38640,MSY,16:33,16:24,11," 227,000 ",,,
2012,Flybe,Dubai,350,4," 2,374.27 ",1640,574000,MOB,08:23,08:30,15," 1,670,000 ",,,
2012,Flybe,Dubai,350,4," 378,155.53 ",1640,574000,MOB,08:23,08:30,15," 16,600,000 ",,,
2012,Flybe,Dublin,250,2," 22,970.00 ",1793,448250,LGA,20:55,20:28,9," 24,900,000 ",,,
2012,Flybe,Dublin,250,2," 15,456.00 ",1793,448250,LGA,20:55,20:28,9," 235,000 ",,,
2012,Flybe,Lisbon,320,1," 18,770.67 ",1022,327040,PNS,18:03,17:55,14," 282,000 ",,,
2012,Flybe,Lisbon,320,1," 783,560.00 ",1022,327040,PNS,18:03,17:55,14," 2,420,000 ",,,
2012,Flybe,London,450,5," 2,724,900.00 ",1998,899100,MIA,19:37,19:25,10," 1,140,000 ",,,
2012,Flybe,London,450,5," 420,647.38 ",1998,899100,MIA,19:37,19:25,10," 6,440,000 ",,,
2012,Flybe,Milan,180,1," 69,700.00 ",1954,351720,DAB,07:30,07:38,11," 509,000 ",,,
2012,Flybe,Milan,180,1," 575,120.50 ",1954,351720,DAB,07:30,07:38,11," 378,000 ",,,
2012,Flybe,New York,450,2," 3,523,456.00 ",1889,850050,BWI,18:09,17:53,7," 3,980,000 ",,,
2012,Flybe,New York,450,2," 9,560,304.00 ",1889,850050,BWI,18:09,17:53,7," 2,590,000 ",,,
2012,Flybe,Paris,150,1," 11,314.43 ",1502,225300,SAT,11:10,11:05,9," 570,000 ",,,
2012,Flybe,Paris,150,1," 188,314.12 ",1502,225300,SAT,11:10,11:05,9," 14,600,000 ",,,
2012,Flybe,Tokyo,1500,5, 743.79 ,420,630000,SJU,13:05,13:02,11," 164,000,000 ",,,
2012,Flybe,Tokyo,1500,5," 71,740.00 ",420,630000,SJU,13:05,13:02,11," 563,000 ",,,
2013,Atlanta Airline,Accra,750,2," 86,600.00 ",1779,1334250,LGA,13:58,13:28,7," 2,090,000 ",,,
2013,Atlanta Airline,Accra,750,2," 23,700,000.00 ",1779,1334250,LGA,13:58,13:28,7," 944,000 ",,,
2013,Atlanta Airline,Armsterdam,170,1," 1,104,300.00 ",1926,327420,DFW,19:15,02:44,13," 836,000 ",,,
2013,Atlanta Airline,Armsterdam,170,1," 2,400,000.00 ",1926,327420,DFW,19:15,02:44,13," 1,620,000 ",,,
2013,Atlanta Airline,Barcelona,200,1," 14,846.53 ",1629,325800,RDU,09:51,09:51,15," 25,500 ",,,decrease CO2 emissions
2013,Atlanta Airline,Barcelona,200,1," 1,166,765.50 ",1629,325800,RDU,09:51,09:51,15," 165,000 ",,,
2013,Atlanta Airline,Belfast,150,2," 4,437.10 ",1559,233850,BDL,09:56,09:37,15," 1,430,000 ",,,
2013,Atlanta Airline,Belfast,150,2," 472,690.97 ",1559,233850,BDL,09:56,09:37,15," 36,200,000 ",,,
2013,Atlanta Airline,Berlin,120,2," 95,359.27 ",1064,127680,SFO,13:37,13:36,8," 6,360,000 ",,,
2013,Atlanta Airline,Berlin,120,2," 5,740,436.00 ",1064,127680,SFO,13:37,13:36,8," 562,000 ",,,
2013,Atlanta Airline,Dubai,350,4," 1,284,000.00 ",1879,657650,BWI,10:05,10:04,11," 918,000,000 ",,,
2013,Atlanta Airline,Dubai,350,4," 333,000.00 ",1879,657650,BWI,10:05,10:04,11," 1,610,000 ",,,
2013,Atlanta Airline,Dublin,250,5," 438,320.00 ",1989,497250,IND,10:08,09:51,11," 1,330,000 ",,,
2013,Atlanta Airline,Dublin,250,5," 8,202,303.50 ",1989,497250,IND,10:08,09:51,11," 614,000 ",,,
2013,Atlanta Airline,Lisbon,320,1," 44,231,143.00 ",1318,421760,MCO,15:10,14:57,15," 63,500,000 ",,,
2013,Atlanta Airline,Lisbon,320,1," 4,636,077.00 ",1318,421760,MCO,15:10,14:57,15," 678,000 ",,,
2013,Atlanta Airline,London,450,5," 22,878.02 ",1009,454050,PHL,11:02,11:09,9," 1,020,000 ",,,
2013,Atlanta Airline,London,450,5," 947,300.00 ",1009,454050,PHL,11:02,11:09,9," 15,300 ",,,
2013,Atlanta Airline,Milan,180,3, 414.03 ,152,27360,LAX,20:31,20:43,21," 142,230 ",,,
2013,Atlanta Airline,Milan,180,3," 2,840.00 ",152,27360,LAX,20:31,20:43,21," 38,400 ",,,
2013,Atlanta Airline,Milan,180,5," 267,710.00 ",2074,373320,TPA,20:14,19:49,10," 2,680,000 ",,,
2013,Atlanta Airline,Milan,180,5," 1,999,683.50 ",2074,373320,TPA,20:14,19:49,10," 1,430,000 ",,,
2013,Atlanta Airline,New York,450,4," 587,040.00 ",2044,919800,FLL,17:03,16:52,8," 3,840,000 ",,,
2013,Atlanta Airline,New York,450,4," 6,813,200.00 ",2044,919800,FLL,17:03,16:52,8," 98,800,000 ",,,
2013,Atlanta Airline,Paris,150,4," 2,308.32 ",1705,255750,DTW,20:08,20:22,8," 463,697 ",,,
2013,Atlanta Airline,Paris,150,4," 1,342,235.00 ",1705,255750,DTW,20:08,20:22,8," 1,250,000 ",,,
2013,Atlanta Airline,Tokyo,1500,4," 82,615.88 ",1186,1779000,JAX,15:00,14:45,16," 519,000 ",,,
2013,Atlanta Airline,Tokyo,1500,4," 157,000,000.00 ",1186,1779000,JAX,15:00,14:45,16," 80,500,000 ",,,
2013,British airways,Accra,750,2," 2,040.00 ",2064,1548000,TPA,12:46,12:47,13," 1,320,000 ",,,
2013,British airways,Accra,750,2," 6,342,017.50 ",2064,1548000,TPA,12:46,12:47,13," 12,984,890 ",,,
2013,British airways,Accra,750,5," 8,991.46 ",124,93000,LAS,14:33,14:27,9," 56,343,540 ",,,
2013,British airways,Accra,750,5," 3,445,343.00 ",324,243000,LAS,14:33,14:27,9," 9,320,000 ",,,
2013,British airways,Armsterdam,170,1," 29,297.34 ",1023,173910,PHL,20:52,20:27,10," 23,400,000 ",,,
2013,British airways,Armsterdam,170,1," 488,100.00 ",1023,173910,PHL,20:52,20:27,10," 2,460,000 ",,,
2013,British airways,Barcelona,200,1," 357,050.00 ",1955,391000,DCA,10:05,10:01,12," 4,340,000 ",,,
2013,British airways,Barcelona,200,1," 4,017,411.00 ",1955,391000,DCA,10:05,10:01,12," 1,150,000 ",,,
2013,British airways,Belfast,150,2," 51,100.00 ",1891,283650,PDX,19:39,19:50,9," 4,245,670 ",,,
2013,British airways,Belfast,150,2," 383,733.00 ",1891,283650,PDX,19:39,19:50,9," 2,360,000 ",,,
2013,British airways,Berlin,120,2, 956.30 ,1641,196920,JFK,11:13,10:55,9," 1,150,000 ",,,
2013,British airways,Berlin,120,2," 473,090.00 ",1641,196920,JFK,11:13,10:55,9," 23,800,000 ",,,
2013,British airways,Dubai,350,3, 223.50 ,422,147700,SJU,17:24,17:06,6," 34,300,000 ",,,
2013,British airways,Dubai,350,3, 699.00 ,422,147700,SJU,17:24,17:06,6," 12,000 ",,,
2013,British airways,Dublin,250,2," 38,559.94 ",1084,271000,BDL,15:50,15:38,9," 7,100,000 ",,,
2013,British airways,Dublin,250,2," 18,000,000.00 ",1084,271000,BDL,15:50,15:38,9," 340,000 ",,,
2013,British airways,Lisbon,320,1," 112,620.00 ",1797,575040,LGA,22:49,22:22,9," 1,080,000 ",,,
2013,British airways,Lisbon,320,1," 45,482.32 ",1797,575040,LGA,22:49,22:22,9," 38,700 ",,,
2013,British airways,London,450,1," 89,075.51 ",1591,715950,RDU,12:30,12:19,7," 345,000 ",,,
2013,British airways,London,450,1," 1,060,000.00 ",1591,715950,RDU,12:30,12:19,7," 6,440,000 ",,,
2013,British airways,Milan,180,2," 2,553.81 ",1510,271800,MEM,13:59,14:00,7," 523,680 ",,,
2013,British airways,Milan,180,2," 878,184.06 ",1510,271800,MEM,13:59,14:00,7," 3,790,000 ",,,
2013,British airways,New York,450,4, 472.66 ,1258,566100,MSY,08:34,08:43,17," 9,820,000 ",,,
2013,British airways,New York,450,4," 290,400.40 ",1258,566100,MSY,08:34,08:43,17," 8,100,000,000 ",,,
2013,British airways,Paris,150,3," 580,370.00 ",1999,299850,JAX,09:00,09:19,9," 30,000,000 ",,,
2013,British airways,Paris,150,3," 3,205,367.00 ",1999,299850,JAX,09:00,09:19,9," 97,400,000 ",,,
2013,British airways,Tokyo,1500,3," 148,117.20 ",1720,2580000,SLC,06:20,06:40,8," 256,000 ",,,
2013,British airways,Tokyo,1500,3," 131,219.97 ",1720,2580000,SLC,06:20,06:40,8," 4,030,000 ",,,
2013,Easy jet,Accra,750,2," 239,834.45 ",1297,972750,JFK,08:49,08:39,14," 199,000 ",,,
2013,Easy jet,Accra,750,2," 2,173,130.20 ",1297,972750,JFK,08:49,08:39,14," 52,400,000 ",,,
2013,Easy jet,Armsterdam,170,3, 102.59 ,1612,274040,RSW,07:45,07:35,8," 21,848,490 ",,,
2013,Easy jet,Armsterdam,170,3," 4,453,664.50 ",1612,274040,RSW,07:45,07:35,8," 49,900,000 ",,,
2013,Easy jet,Barcelona,200,2," 53,160.98 ",1041,208200,JAX,09:59,09:24,7," 18,600,000 ",,,
2013,Easy jet,Barcelona,200,2," 447,400.00 ",1041,208200,JAX,09:59,09:24,7," 216,000 ",,,
2013,Easy jet,Belfast,150,3," 5,547,757.50 ",660,99000,STT,17:15,17:13,6," 92,500,000 ",,,
2013,Easy jet,Belfast,150,3," 2,505,810.00 ",660,99000,STT,17:15,17:13,6," 198,000 ",,,
2013,Easy jet,Berlin,120,2," 27,750.00 ",1969,236280,DCA,17:03,16:54,8," 7,360,000 ",,,
2013,Easy jet,Berlin,120,2," 2,510,492.80 ",1969,236280,DCA,17:03,16:54,8," 830,000 ",,,
2013,Easy jet,Dubai,350,5," 1,058.90 ",1528,534800,PBI,18:09,17:57,12," 458,000 ",,,
2013,Easy jet,Dubai,350,5," 871,578.60 ",1528,534800,PBI,18:09,17:57,12," 552,000 ",,,
2013,Easy jet,Dublin,250,4," 5,344,232.00 ",1684,421000,SJC,13:57,14:18,11," 1,570,000 ",,,
2013,Easy jet,Dublin,250,4," 43,265.00 ",1684,421000,SJC,13:57,14:18,11," 3,880,000 ",,,
2013,Easy jet,Lisbon,320,2," 19,668.35 ",74,23680,MIA,15:41,15:39,18," 49,400,000 ",,,
2013,Easy jet,Lisbon,320,2," 8,950.00 ",174,55680,MIA,15:41,15:39,18," 1,160,000 ",,,
2013,Easy jet,Lisbon,320,4," 799,380.00 ",2085,667200,JAX,10:45,10:32,9," 4,090,000 ",,,
2013,Easy jet,Lisbon,320,4," 145,000.00 ",2085,667200,JAX,10:45,10:32,9," 120,000 ",,,
2013,Easy jet,London,450,1, 750.00 ,1908,858600,DEN,18:10,18:44,7," 63,300 ",,,
2013,Easy jet,London,450,1," 6,548,937.00 ",1908,858600,DEN,18:10,18:44,7," 119,000 ",,,
2013,Easy jet,Milan,180,2," 111,000.00 ",1857,334260,BOS,12:38,12:00,5," 4,830,000 ",,,
2013,Easy jet,Milan,180,2," 43,854.10 ",1857,334260,BOS,12:38,12:00,5," 623,220 ",,,
2013,Easy jet,New York,450,4," 6,432,311.00 ",1739,782550,CVG,16:16,16:14,9," 4,790,000 ",,,
2013,Easy jet,New York,450,4," 1,792,535.00 ",1739,782550,CVG,16:16,16:14,9," 1,850,000 ",,,
2013,Easy jet,Paris,150,5," 63,607.04 ",1136,170400,RSW,18:07,17:48,13," 1,250,000 ",,,
2013,Easy jet,Paris,150,5," 10,200,000.00 ",1136,170400,RSW,18:07,17:48,13," 1,830,000 ",,,
2013,Easy jet,Tokyo,1500,5," 10,400.00 ",2017,3025500,EWR,16:39,16:05,7," 11,600,000 ",,,
2013,Easy jet,Tokyo,1500,5," 6,551,360.00 ",2017,3025500,EWR,16:39,16:05,7," 56,800,000 ",,,
2014,Emirates,Accra,750,4," 48,511.36 ",1649,1236750,ORF,08:58,09:04,14," 156,000 ",,,
2014,Emirates,Accra,750,4," 1,401,188.20 ",1649,1236750,ORF,08:58,09:04,14," 10,400,000 ",,,
2014,Emirates,Armsterdam,170,1, 50.00 ,1844,313480,SLC,21:02,20:54,10," 2,730,000 ",,,
2014,Emirates,Armsterdam,170,1," 54,683.88 ",1844,313480,SLC,21:02,20:54,10," 76,400 ",,,
2014,Emirates,Barcelona,200,1," 543,245.00 ",1512,302400,SLC,16:40,16:45,16," 426,000 ",,,
2014,Emirates,Barcelona,200,1," 930,155.10 ",1512,302400,SLC,16:40,16:45,16," 757,000 ",,,
2014,Emirates,Belfast,150,3," 56,099.50 ",1259,188850,RDU,18:44,19:15,49," 4,440,000 ",,,
2014,Emirates,Belfast,150,3," 1,592,743.00 ",1259,188850,RDU,18:44,19:15,49," 6,810,000 ",,,
2014,Emirates,Berlin,120,1, 538.61 ,424,50880,SJU,18:43,18:22,7," 7,900,000 ",,,
2014,Emirates,Berlin,120,1," 49,030.00 ",424,50880,SJU,18:43,18:22,7," 113,000 ",,,
2014,Emirates,Dubai,350,4," 101,826.23 ",1723,603050,JFK,13:46,13:17,7," 133,000 ",,,
2014,Emirates,Dubai,350,4," 149,363.42 ",1723,603050,JFK,13:46,13:17,7," 4,253,650 ",,,
2014,Emirates,Dublin,250,1," 322,460.00 ",1896,474000,DEN,05:56,06:17,6," 19,500,000 ",,,
2014,Emirates,Dublin,250,1," 161,902.60 ",1896,474000,DEN,05:56,06:17,6," 134,225 ",,,
2014,Emirates,Lisbon,320,3," 56,370.64 ",1085,347200,MCO,09:24,09:22,8," 208,000 ",,,
2014,Emirates,Lisbon,320,3," 5,433,978.00 ",1085,347200,MCO,09:24,09:22,8," 468,000 ",,,
2014,Emirates,London,450,3," 1,964,380.00 ",2066,929700,TPA,14:04,13:49,12," 547,000 ",,,
2014,Emirates,London,450,3," 39,600,000.00 ",2066,929700,TPA,14:04,13:49,12," 10,300,000 ",,,
2014,Emirates,London,450,5, 421.36 ,128,57600,MCO,14:10,14:15,13," 149,000 ",,,
2014,Emirates,London,450,5," 75,520.00 ",228,102600,MCO,14:10,14:15,13," 235,150 ",,,
2014,Emirates,Milan,180,3, 810.00 ,2007,361260,EWR,10:10,10:03,18," 1,520,000 ",,,
2014,Emirates,Milan,180,3," 46,700,000.00 ",2007,361260,EWR,10:10,10:03,18," 64,400,000 ",,,
2014,Emirates,New York,450,1," 238,540.00 ",1959,881550,DCA,12:02,11:48,11," 197,000 ",,,
2014,Emirates,New York,450,1," 4,709,965.00 ",1959,881550,DCA,12:02,11:48,11," 40,900 ",,,
2014,Emirates,Paris,150,3," 1,503,302.50 ",1598,239700,SNA,18:38,18:30,10," 489,000 ",,,
2014,Emirates,Paris,150,3," 462,000.00 ",1598,239700,SNA,18:38,18:30,10," 2,080,000 ",,,
2014,Emirates,Tokyo,1500,2," 173,483.08 ",1024,1536000,PHX,12:43,12:54,9," 2,050,000 ",,,
2014,Emirates,Tokyo,1500,2," 534,290.00 ",1024,1536000,PHX,12:43,12:54,9," 290,000 ",,,
2014,KLM,Accra,750,3," 112,090.00 ",1971,1478250,DCA,18:00,18:08,11," 3,740,000 ",,,
2014,KLM,Accra,750,3," 8,501,228.00 ",1971,1478250,DCA,18:00,18:08,11," 314,000 ",,,
2014,KLM,Armsterdam,170,2," 39,952.26 ",101,17170,LAX,17:41,17:56,13," 1,060,000 ",,,
2014,KLM,Armsterdam,170,2," 11,000.00 ",101,17170,LAX,17:41,17:56,13," 645,000 ",,,
2014,KLM,Armsterdam,170,3," 676,580.00 ",2086,354620,PBI,14:52,14:29,8," 570,000 ",,,
2014,KLM,Armsterdam,170,3," 390,000.00 ",2086,354620,PBI,14:52,14:29,8," 14,600,000 ",,,
2014,KLM,Barcelona,200,1," 274,000.00 ",1859,371800,BOS,14:07,13:48,9," 164,000,000 ",,,
2014,KLM,Barcelona,200,1," 2,273,666.00 ",1859,371800,BOS,14:07,13:48,9," 563,000 ",,,
2014,KLM,Belfast,150,4,,1740,261000,MSY,12:29,12:42,11," 6,970,000 ",,,
2014,KLM,Belfast,150,4," 54,400,000.00 ",1740,261000,MSY,12:29,12:42,11," 227,000 ",,,
2014,KLM,Berlin,120,4," 114,298.48 ",1531,183720,JAX,11:35,11:17,11," 220,000 ",,,
2014,KLM,Berlin,120,4," 2,335,119.50 ",1531,183720,JAX,11:35,11:17,11," 509,000 ",,,
2014,KLM,Dubai,350,4," 30,350.00 ",2019,706650,EWR,18:01,17:44,11," 20,500,000 ",,,
2014,KLM,Dubai,350,4," 32,589.00 ",2019,706650,EWR,18:01,17:44,11," 121,000,000 ",,,
2014,KLM,Dublin,250,4," 58,594.69 ",665,166250,ORD,09:00,09:02,15," 18,900,000 ",,,
2014,KLM,Dublin,250,4," 163,270.00 ",665,166250,ORD,09:00,09:02,15," 1,670,000 ",,,
2014,KLM,Lisbon,320,3," 1,344.69 ",1688,540160,RSW,19:34,19:28,18," 625,253 ",,,
2014,KLM,Lisbon,320,3," 1,197,094.40 ",1688,540160,RSW,19:34,19:28,18," 2,123,590 ",,,
2014,KLM,London,450,2, 714.48 ,1302,585900,MCO,06:57,06:47,7," 112,000 ",,,
2014,KLM,London,450,2," 434,253.00 ",1302,585900,MCO,06:57,06:47,7," 3,980,000 ",,,
2014,KLM,Milan,180,2," 452,108.28 ",1140,205200,PBI,20:49,20:55,39," 12,700,000 ",,,
2014,KLM,Milan,180,2," 140,939.40 ",1140,205200,PBI,20:49,20:55,39," 24,900,000 ",,,
2014,KLM,New York,450,2," 377,692.44 ",1044,469800,SAN,18:27,18:04,11," 13,500,000 ",,,
2014,KLM,New York,450,2," 12,190.00 ",1044,469800,SAN,18:27,18:04,11," 179,000 ",,,
2014,KLM,Paris,150,2," 48,730.00 ",1910,286500,DEN,20:45,20:55,11," 282,000 ",,,
2014,KLM,Paris,150,2," 485,000.00 ",1910,286500,DEN,20:45,20:55,11," 2,420,000 ",,,
2014,KLM,Tokyo,1500,4," 381,110.97 ",1615,2422500,RDU,16:35,16:38,13," 5,475,900 ",,,
2014,KLM,Tokyo,1500,4," 8,679,260.00 ",1615,2422500,RDU,16:35,16:38,13," 1,140,000 ",,,
2014,Monarch,Accra,750,2, 234.50 ,1066,799500,SFO,16:07,16:07,9," 142,000 ",,,
2014,Monarch,Accra,750,2," 1,431,793.90 ",1066,799500,SFO,16:07,16:07,9," 36,453,790 ",,,
2014,Monarch,Armsterdam,170,1," 8,053.47 ",1324,225080,MCO,18:10,18:04,14," 434,360 ",,,
2014,Monarch,Armsterdam,170,1," 692,421.40 ",1324,225080,MCO,18:10,18:04,14," 17,100,000 ",,,
2014,Monarch,Barcelona,200,2," 130,000.00 ",2076,415200,MSY,15:02,14:42,7," 6,270,000 ",,,
2014,Monarch,Barcelona,200,2," 5,018,648.00 ",2076,415200,MSY,15:02,14:42,7," 3,450,000 ",,,
2014,Monarch,Barcelona,200,," 9,251.60 ",365,73000,LGA,10:53,10:33,9," 6,440,000 ",,,
2014,Monarch,Barcelona,200,," 553,435.00 ",365,73000,LGA,10:53,10:33,9," 286,000 ",,,
2014,Monarch,Belfast,150,5," 118,480.00 ",2046,306900,FLL,18:26,18:06,10," 434,000 ",,,
2014,Monarch,Belfast,150,5," 6,687,714.00 ",2046,306900,FLL,18:26,18:06,10," 2,320,000 ",,,
2014,Monarch,Berlin,120,3," 756,630.00 ",1881,225720,BWI,11:57,11:56,14," 27,900,000 ",,,
2014,Monarch,Berlin,120,3," 2,969,868.00 ",1881,225720,BWI,11:57,11:56,14," 6,780,000 ",,,
2014,Monarch,Dubai,350,2," 452,218.22 ",1202,420700,RSW,12:44,12:39,11," 4,425,350 ",,,
2014,Monarch,Dubai,350,2," 274,765.78 ",1202,420700,RSW,12:44,12:39,11," 7,380,000 ",,,
2014,Monarch,Dublin,250,3," 3,876.51 ",1561,390250,JAX,07:44,07:32,9," 3,700,000 ",,,
2014,Monarch,Dublin,250,3," 208,531.11 ",1561,390250,JAX,07:44,07:32,9," 2,130,000 ",,,
2014,Monarch,Lisbon,320,5," 70,270.00 ",1990,636800,MIA,14:30,14:32,23," 1,910,000 ",,,
2014,Monarch,Lisbon,320,5," 31,200,000.00 ",1990,636800,MIA,14:30,14:32,23," 3,453,330 ",,,
2014,Monarch,London,450,3," 13,880.00 ",1781,801450,LGA,14:53,14:18,11," 9,930,000 ",,,
2014,Monarch,London,450,3," 6,076,483.00 ",1781,801450,LGA,14:53,14:18,11," 1,990,000 ",,,
2014,Monarch,Milan,180,2," 327,129.25 ",1706,307080,AUS,10:01,10:02,14," 779,000 ",,,
2014,Monarch,Milan,180,2," 8,742,323.00 ",1706,307080,AUS,10:01,10:02,14," 3,242,440 ",,,
2014,Monarch,New York,450,1, 175.87 ,1632,734400,TPA,17:45,17:28,12," 2,290 ",,,
2014,Monarch,New York,450,1," 1,559,739.00 ",1632,734400,TPA,17:45,17:28,12," 2,350,000 ",,,
2014,Monarch,Paris,150,5," 24,332.62 ",1013,151950,PHL,14:03,14:01,12," 232,000 ",,,
2014,Monarch,Paris,150,5," 513,120.00 ",1013,151950,PHL,14:03,14:01,12," 125,000 ",,,
2014,Monarch,Tokyo,1500,1," 18,270.00 ",1935,2902500,ORF,11:49,11:33,9," 104,000,000 ",,,
2014,Monarch,Tokyo,1500,1," 3,041,265.20 ",1935,2902500,ORF,11:49,11:33,9," 1,100,000 ",,,
2015,Air India,Accra,750,2," 9,598,088.00 ",1882,1411500,SAV,07:42,07:49,11," 92,500,000 ",,,
2015,Air India,Accra,750,2," 15,100,000.00 ",1882,1411500,SAV,07:42,07:49,11," 198,000 ",,,
2015,Air India,Armsterdam,170,3," 22,070.00 ",1991,338470,EWR,09:00,08:49,12," 1,250,000 ",,,
2015,Air India,Armsterdam,170,3," 3,987,677.00 ",1991,338470,EWR,09:00,08:49,12," 1,830,000 ",,,
2015,Air India,Barcelona,200,2," 123,733.28 ",1708,341600,DTW,07:45,07:54,8," 45,200 ",,,
2015,Air India,Barcelona,200,2," 7,083,773.00 ",1708,341600,DTW,07:45,07:54,8," 4,090,000 ",,,
2015,Air India,Belfast,150,1, 589.90 ,1633,244950,MSY,09:49,09:34,7," 3,230,000 ",,,
2015,Air India,Belfast,150,1," 3,473,300.80 ",1633,244950,MSY,09:49,09:34,7," 11,600,000 ",,,
2015,Air India,Berlin,120,1," 93,585.89 ",1213,145560,ROC,18:10,18:06,12," 6,390,000 ",,,
2015,Air India,Berlin,120,1," 5,418,000.00 ",1213,145560,ROC,18:10,18:06,12," 4,830,000 ",,,
2015,Air India,Dubai,350,1," 338,150.00 ",1943,680050,ORD,15:10,15:08,15," 18,600,000 ",,,
2015,Air India,Dubai,350,1," 9,603,424.00 ",1943,680050,ORD,15:10,15:08,15," 216,000 ",,,
2015,Air India,Dublin,250,5," 329,740.00 ",2048,512000,FLL,19:39,19:30,13," 199,000 ",,,
2015,Air India,Dublin,250,5," 275,384.00 ",2048,512000,FLL,19:39,19:30,13," 52,400,000 ",,,
2015,Air India,Lisbon,320,4," 37,006.40 ",1563,500160,MSP,18:08,19:10,10," 8,030,000 ",,,
2015,Air India,Lisbon,320,4," 3,606,961.00 ",1563,500160,MSP,18:08,19:10,10," 7,360,000 ",,,
2015,Air India,London,450,1," 11,442.67 ",1068,480600,SFO,19:40,19:42,13," 414,000,000 ",,,
2015,Air India,London,450,1," 223,174.51 ",1068,480600,SFO,19:40,19:42,13," 4,790,000 ",,,
2015,Air India,Milan,180,5," 7,016.56 ",1014,182520,ABQ,13:07,13:02,5," 12,984,890 ",,,
2015,Air India,Milan,180,5," 329,142.00 ",1014,182520,ABQ,13:07,13:02,5," 1,570,000 ",,,
2015,Air India,New York,450,1," 26,274.55 ",371,166950,IAD,07:34,07:21,7," 97,400,000 ",,,
2015,Air India,New York,450,1, 960.00 ,371,166950,IAD,07:34,07:21,7," 21,848,490 ",,,
2015,Air India,New York,450,1," 1,267,000.00 ",2079,935550,MDW,12:40,12:52,8," 458,000 ",,,
2015,Air India,New York,450,1," 2,273,923.80 ",2079,935550,MDW,12:40,12:52,8," 552,000 ",,,
2015,Air India,Paris,150,4, 710.00 ,1783,267450,LGA,15:50,15:32,9," 49,400,000 ",,,
2015,Air India,Paris,150,4," 3,818,164.80 ",1783,267450,LGA,15:50,15:32,9," 1,160,000 ",,,
2015,Air India,Tokyo,1500,1," 443,231.00 ",1326,1989000,MCO,19:16,19:00,15," 181,000 ",,,
2015,Air India,Tokyo,1500,1," 52,488.00 ",1326,1989000,MCO,19:16,19:00,15," 63,300 ",,,
2015,Belgium Air,Accra,750,1," 3,715.30 ",428,321000,SJU,19:40,19:42,17," 56,800,000 ",,,
2015,Belgium Air,Accra,750,1," 20,270.00 ",428,321000,SJU,19:40,19:42,17," 25,500 ",,,
2015,Belgium Air,Armsterdam,170,4," 2,183.74 ",1086,184620,LAS,19:42,19:55,29," 593,000 ",,,
2015,Belgium Air,Armsterdam,170,4," 4,321,803.00 ",1086,184620,LAS,19:42,19:55,29," 2,090,000 ",,,
2015,Belgium Air,Barcelona,200,2," 120,540.00 ",2008,401600,SRQ,08:44,08:52,14," 519,000 ",,,
2015,Belgium Air,Barcelona,200,2," 132,161.75 ",2008,401600,SRQ,08:44,08:52,14," 80,500,000 ",,,
2015,Belgium Air,Belfast,150,1," 131,960.00 ",1960,294000,PNS,10:10,10:03,16," 6,360,000 ",,,
2015,Belgium Air,Belfast,150,1," 222,181.12 ",1960,294000,PNS,10:10,10:03,16," 562,000 ",,,
2015,Belgium Air,Berlin,120,3, 655.86 ,1727,207240,JFK,22:04,21:19,8," 44,800 ",,,
2015,Belgium Air,Berlin,120,3," 3,563,421.80 ",1727,207240,JFK,22:04,21:19,8," 2,680,000 ",,,
2015,Belgium Air,Dubai,350,2," 6,397.34 ",1026,359100,PHX,13:49,13:53,11," 120,000 ",,,
2015,Belgium Air,Dubai,350,2," 241,040.00 ",1026,359100,PHX,13:49,13:53,11," 463,697 ",,,
2015,Belgium Air,Dublin,250,2," 13,974.50 ",1270,317500,MCI,15:57,16:36,23," 4,040,000 ",,,
2015,Belgium Air,Dublin,250,2," 2,566,839.00 ",1270,317500,MCI,15:57,16:36,23," 918,000,000 ",,,
2015,Belgium Air,Lisbon,320,2," 56,540.00 ",1897,607040,PBI,07:44,07:51,10," 1,020,000 ",,,
2015,Belgium Air,Lisbon,320,2," 9,311,645.00 ",1897,607040,PBI,07:44,07:51,10," 15,300 ",,,
2015,Belgium Air,London,450,1," 41,165.04 ",1652,743400,SMF,19:29,19:45,17," 2,700,000 ",,,
2015,Belgium Air,London,450,1," 4,996,213.00 ",1652,743400,SMF,19:29,19:45,17," 3,840,000 ",,,
2015,Belgium Air,Milan,180,2, 604.56 ,1599,287820,IAD,10:09,10:02,24," 3,500,000 ",,,
2015,Belgium Air,Milan,180,2," 18,700.00 ",1599,287820,IAD,10:09,10:02,24," 1,330,000 ",,,
2015,Belgium Air,New York,450,3," 3,125.39 ",1513,680850,CMH,07:45,07:26,8," 2,325,250 ",,,
2015,Belgium Air,New York,450,3," 12,000,000.00 ",1513,680850,CMH,07:45,07:26,8," 836,000 ",,,
2015,Belgium Air,Paris,150,3," 2,443,243.00 ",2068,310200,TPA,16:14,16:05,10," 63,500,000 ",,,
2015,Belgium Air,Paris,150,3," 1,409,539.50 ",2068,310200,TPA,16:14,16:05,10," 678,000 ",,,
2015,Belgium Air,Paris,150,5," 152,711.86 ",138,20700,MCO,16:10,15:48,6," 830,000 ",,,
2015,Belgium Air,Paris,150,5," 462,840.00 ",338,50700,MCO,16:10,15:48,6," 1,430,000 ",,,
2015,Belgium Air,Tokyo,1500,3," 47,000.00 ",1850,2775000,SAV,06:41,06:33,7," 142,230 ",,,
2015,Belgium Air,Tokyo,1500,3," 41,181.28 ",1850,2775000,SAV,06:41,06:33,7," 38,400 ",,,
2015,Delta,Accra,750,3," 4,434,214.00 ",1536,1152000,JAC,19:07,19:30,45," 600,000 ",,,
2015,Delta,Accra,750,3," 620,000.00 ",1536,1152000,JAC,19:07,19:30,45," 4,340,000 ",,,
2015,Delta,Armsterdam,170,2, 117.25 ,1689,287130,BDL,18:10,17:51,9," 148,000 ",,,
2015,Delta,Armsterdam,170,2," 527,139.25 ",1689,287130,BDL,18:10,17:51,9," 1,320,000 ",,,
2015,Delta,Barcelona,200,4," 10,152.94 ",1148,229600,MCO,13:34,13:33,13," 113,000,000 ",,,
2015,Delta,Barcelona,200,4," 3,404,610.80 ",1148,229600,MCO,13:34,13:33,13," 1,080,000 ",,,
2015,Delta,Belfast,150,1, 685.17 ,1048,157200,SAN,05:37,05:35,14," 1,430,000 ",,,
2015,Delta,Belfast,150,1," 912,050.00 ",1048,157200,SAN,05:37,05:35,14," 256,000 ",,,
2015,Delta,Berlin,120,3," 111,370.00 ",2028,243360,FLL,08:50,08:49,14," 9,820,000 ",,,
2015,Delta,Berlin,120,3," 5,998,914.00 ",2028,243360,FLL,08:50,08:49,14," 8,100,000,000 ",,,
2015,Delta,Dubai,350,5," 5,070.98 ",1617,565950,MEM,16:09,16:36,13," 2,290,000 ",,,
2015,Delta,Dubai,350,5," 7,368,983.00 ",1617,565950,MEM,16:09,16:36,13," 30,000,000 ",,,
2015,Delta,Dublin,250,5," 1,246,700.00 ",1747,436750,MSP,10:08,10:54,15," 56,343,540 ",,,
2015,Delta,Dublin,250,5," 342,463.00 ",1747,436750,MSP,10:08,10:54,15," 9,320,000 ",,,
2015,Delta,Lisbon,320,5, 87.94 ,674,215680,STT,19:11,19:18,12," 98,800,000 ",,,
2015,Delta,Lisbon,320,5," 17,360.00 ",674,215680,STT,19:11,19:18,12," 1,150,000 ",,,
2015,Delta,London,450,3," 1,092.00 ",1973,887850,DCA,19:09,19:05,13," 7,100,000 ",,,
2015,Delta,London,450,3," 525,155.40 ",1973,887850,DCA,19:09,19:05,13," 340,000 ",,,
2015,Delta,Milan,180,2," 283,560.00 ",1914,344520,DFW,10:08,10:13,9," 23,400,000 ",,,
2015,Delta,Milan,180,2," 2,232,969.00 ",1914,344520,DFW,10:08,10:13,9," 2,460,000 ",,,
2015,Delta,New York,450,4," 27,830.00 ",1861,837450,BOS,15:25,14:55,9," 34,300,000 ",,,
2015,Delta,New York,450,4," 4,341,800.00 ",1861,837450,BOS,15:25,14:55,9," 12,000 ",,,
2015,Delta,Paris,150,3, 564.26 ,1304,195600,MCO,08:11,07:52,8," 798,000 ",,,
2015,Delta,Paris,150,3," 2,669,899.80 ",1304,195600,MCO,08:11,07:52,8," 4,245,670 ",,,
2015,Delta,Tokyo,1500,2," 1,315.38 ",105,157500,DTW,17:35,17:26,8," 614,000 ",,,
2015,Delta,Tokyo,1500,2," 238,390.00 ",105,157500,DTW,17:35,17:26,8," 345,000 ",,,
2015,Delta,Tokyo,1500,4," 824,290.00 ",2088,3132000,IAH,12:42,13:10,12," 523,680 ",,,
2015,Delta,Tokyo,1500,4," 2,492,343.50 ",2088,3132000,IAH,12:42,13:10,12," 3,790,000 ",,,
2016,Air France,Accra,750,2," 5,565.62 ",1215,911250,SRQ,15:03,14:54,10," 52,200 ",,,
2016,Air France,Accra,750,2," 2,549,805.50 ",1215,911250,SRQ,15:03,14:54,10," 164,000,000 ",,,
2016,Air France,Armsterdam,170,5," 74,958.11 ",1564,265880,IND,19:12,19:15,18," 654,000 ",,,
2016,Air France,Armsterdam,170,5," 3,177,861.20 ",1564,265880,IND,19:12,19:15,18," 3,740,000 ",,,
2016,Air France,Barcelona,200,5," 119,691.89 ",1015,203000,PHL,15:18,15:10,10," 10,300,000 ",,,
2016,Air France,Barcelona,200,5," 56,790.00 ",1015,203000,PHL,15:18,15:10,10," 625,253 ",,,
2016,Air France,Belfast,150,2," 4,554.35 ",373,55950,RDU,08:44,09:09,9," 64,400,000 ",,,
2016,Air France,Belfast,150,2," 2,000,000.00 ",373,55950,RDU,08:44,09:09,9," 5,475,900 ",,,
2016,Air France,Belfast,150,2," 923,770.00 ",2080,312000,LAX,13:24,13:20,7," 220,000 ",,,
2016,Air France,Belfast,150,2," 378,155.53 ",2080,312000,LAX,13:24,13:20,7," 509,000 ",,,
2016,Air France,Berlin,120,1," 551,500.00 ",1945,233400,ORD,18:20,18:34,10," 13,500,000 ",,,
2016,Air France,Berlin,120,1," 50,611.01 ",1945,233400,ORD,18:20,18:34,10," 179,000 ",,,
2016,Air France,Dubai,350,3," 8,789.94 ",1328,464800,MCO,20:14,19:53,9," 4,125,580 ",,,
2016,Air France,Dubai,350,3," 6,325,693.50 ",1328,464800,MCO,20:14,19:53,9," 282,000 ",,,
2016,Air France,Dublin,250,4," 408,792.47 ",1634,408500,EGE,17:59,17:48,11," 563,329 ",,,
2016,Air France,Dublin,250,4," 370,415.40 ",1634,408500,EGE,17:59,17:48,11," 20,500,000 ",,,
2016,Air France,Lisbon,320,4, 300.00 ,2050,656000,FLL,20:52,20:48,20," 112,000 ",,,
2016,Air France,Lisbon,320,4," 3,140,000.00 ",2050,656000,FLL,20:52,20:48,20," 3,980,000 ",,,
2016,Air France,London,450,2," 1,141,750.00 ",1883,847350,BWI,13:08,14:22,10," 18,900,000 ",,,
2016,Air France,London,450,2," 334,373.84 ",1883,847350,BWI,13:08,14:22,10," 1,670,000 ",,,
2016,Air France,Milan,180,5," 144,000.00 ",1785,321300,LGA,16:50,16:27,8," 1,060,000 ",,,
2016,Air France,Milan,180,5," 759,561.44 ",1785,321300,LGA,16:50,16:27,8," 645,000 ",,,
2016,Air France,New York,450,2," 546,416.00 ",1709,769050,ORD,10:10,11:09,9," 1,040,000 ",,,
2016,Air France,New York,450,2," 14,700,000.00 ",1709,769050,ORD,10:10,11:09,9," 570,000 ",,,
2016,Air France,Paris,150,1," 1,355.68 ",1070,160500,SFO,21:59,21:49,6," 21,900,000 ",,,
2016,Air France,Paris,150,1," 34,174.51 ",1070,160500,SFO,21:59,21:49,6," 6,970,000 ",,,
2016,Air France,Tokyo,1500,2," 301,340.00 ",1992,2988000,RSW,08:47,08:51,20," 12,700,000 ",,,
2016,Air France,Tokyo,1500,2," 188,314.12 ",1992,2988000,RSW,08:47,08:51,20," 24,900,000 ",,,
2016,Air Portugal,Accra,750,2," 20,148.34 ",1728,1296000,RIC,07:45,07:24,8," 378,000 ",,,
2016,Air Portugal,Accra,750,2," 3,222,898.00 ",1728,1296000,RIC,07:45,07:24,8," 6,270,000 ",,,
2016,Air Portugal,Armsterdam,170,2," 110,860.00 ",1898,322660,DEN,11:09,11:48,7," 232,000 ",,,
2016,Air Portugal,Armsterdam,170,2," 203,000.00 ",1898,322660,DEN,11:09,11:48,7," 125,000 ",,,
2016,Air Portugal,Barcelona,200,2, 135.57 ,1601,320200,BDL,09:00,08:34,10," 235,000 ",,,
2016,Air Portugal,Barcelona,200,2," 2,516,255.50 ",1601,320200,BDL,09:00,08:34,10," 1,910,000 ",,,
2016,Air Portugal,Belfast,150,1," 125,759.47 ",1516,227400,AUS,19:17,19:31,16," 635,000 ",,,
2016,Air Portugal,Belfast,150,1," 420,647.38 ",1516,227400,AUS,19:17,19:31,16," 104,000,000 ",,,
2016,Air Portugal,Berlin,120,2," 4,334.51 ",1030,123600,PHX,17:49,17:40,10," 14,600,000 ",,,
2016,Air Portugal,Berlin,120,2," 603,550.00 ",1030,123600,PHX,17:49,17:40,10," 779,000 ",,,
2016,Air Portugal,Dubai,350,3," 1,098,580.00 ",1851,647850,BOS,08:52,08:25,9," 6,440,000 ",,,
2016,Air Portugal,Dubai,350,3," 393,773.00 ",1851,647850,BOS,08:52,08:25,9," 286,000 ",,,
2016,Air Portugal,Dublin,250,1, 340.00 ,1961,490250,DCA,12:58,12:54,8," 142,000 ",,,
2016,Air Portugal,Dublin,250,1," 18,900,000.00 ",1961,490250,DCA,12:58,12:54,8," 36,453,790 ",,,
2016,Air Portugal,Lisbon,320,1," 11,314.43 ",1271,406720,RSW,13:50,13:28,8," 16,600,000 ",,,
2016,Air Portugal,Lisbon,320,1," 14,300,000.00 ",1271,406720,RSW,13:50,13:28,8," 27,900,000 ",,,
2016,Air Portugal,London,450,1," 537,523.44 ",438,197100,STX,19:06,19:06,23," 121,000,000 ",,,
2016,Air Portugal,London,450,1," 28,900.00 ",438,197100,STX,19:06,19:06,23," 2,290 ",,,
2016,Air Portugal,Milan,180,5," 4,345.50 ",157,28260,JFK,19:41,19:54,12," 314,000 ",,,
2016,Air Portugal,Milan,180,5," 406,750.00 ",457,82260,JFK,19:41,19:54,12," 3,700,000 ",,,
2016,Air Portugal,Milan,180,5," 33,840.00 ",2072,372960,TPA,18:59,19:00,29," 434,360 ",,,
2016,Air Portugal,Milan,180,5," 84,100,000.00 ",2072,372960,TPA,18:59,19:00,29," 17,100,000 ",,,
2016,Air Portugal,New York,450,5," 99,260.00 ",2009,904050,EWR,11:13,15:33,12," 4,425,350 ",,,
2016,Air Portugal,New York,450,5," 1,079,019.40 ",2009,904050,EWR,11:13,15:33,12," 7,380,000 ",,,
2016,Air Portugal,Paris,150,2," 68,428.87 ",1653,247950,MKE,08:53,09:00,10," 2,590,000 ",,,
2016,Air Portugal,Paris,150,2," 2,274,887.80 ",1653,247950,MKE,08:53,09:00,10," 434,000 ",,,
2016,Air Portugal,Tokyo,1500,1," 1,402,359.40 ",1088,1632000,LAS,20:37,20:25,12," 104,000 ",,,
2016,Air Portugal,Tokyo,1500,1," 292,258.70 ",1088,1632000,LAS,20:37,20:25,12," 9,930,000 ",,,
2016,Flybe,Accra,750,2," 1,759,540.00 ",2030,1522500,FLL,09:58,10:12,15," 4,440,000 ",,,
2016,Flybe,Accra,750,2," 2,970,876.50 ",2030,1522500,FLL,09:58,10:12,15," 6,810,000 ",,,
2016,Flybe,Armsterdam,170,2," 2,143.44 ",675,114750,MSP,09:00,10:03,13," 2,320,000 ",,,
2016,Flybe,Armsterdam,170,2," 450,290.00 ",675,114750,MSP,09:00,10:03,13," 156,000 ",,,
2016,Flybe,Barcelona,200,2," 1,001,450.00 ",1917,383400,BUF,08:48,08:37,9," 2,050,000 ",,,
2016,Flybe,Barcelona,200,2," 453,232.00 ",1917,383400,BUF,08:48,08:37,9," 290,000 ",,,
2016,Flybe,Belfast,150,1," 181,040.00 ",1865,279750,BOS,17:49,17:25,9," 7,900,000 ",,,
2016,Flybe,Belfast,150,1," 3,027,494.00 ",1865,279750,BOS,17:49,17:25,9," 113,000 ",,,
2016,Flybe,Berlin,120,4," 3,315,343.00 ",1618,194160,CHS,16:51,16:39,9," 547,000 ",,,
2016,Flybe,Berlin,120,4," 46,926.00 ",1618,194160,CHS,16:51,16:39,9," 1,520,000 ",,,
2016,Flybe,Dubai,350,3," 574,631.00 ",2092,732200,LAX,21:55,22:05,11," 426,000 ",,,
2016,Flybe,Dubai,350,3," 1,841,373.00 ",2092,732200,LAX,21:55,22:05,11," 757,000 ",,,
2016,Flybe,Dubai,350,5," 63,299.27 ",108,37800,MCO,17:09,16:52,11," 3,453,330 ",,,
2016,Flybe,Dubai,350,5," 17,100,000.00 ",108,37800,MCO,17:09,16:52,11," 489,000 ",,,
2016,Flybe,Dublin,250,1," 1,502.24 ",1050,262500,SEA,13:48,13:56,12," 3,450,000 ",,,
2016,Flybe,Dublin,250,1," 329,310.00 ",1050,262500,SEA,13:48,13:56,12," 133,000 ",,,
2016,Flybe,Lisbon,320,4, 440.00 ,1759,562880,MDW,10:05,09:56,13," 149,000 ",,,
2016,Flybe,Lisbon,320,4," 2,287,903.50 ",1759,562880,MDW,10:05,09:56,13," 235,150 ",,,
2016,Flybe,London,450,1," 52,915.49 ",1538,692100,PDX,14:06,14:24,9," 12,147 ",,,
2016,Flybe,London,450,1," 108,000.00 ",1538,692100,PDX,14:06,14:24,9," 197,000 ",,,
2016,Flybe,Milan,180,3," 2,550.14 ",1306,235080,FLL,18:56,19:04,13," 329,000 ",,,
2016,Flybe,Milan,180,3," 8,363,115.50 ",1306,235080,FLL,18:56,19:04,13," 19,500,000 ",,,
2016,Flybe,New York,450,4," 1,230,026.80 ",1159,521550,BUF,18:59,18:36,12," 874,000 ",,,
2016,Flybe,New York,450,4," 63,570.00 ",1159,521550,BUF,18:59,18:36,12," 2,730,000 ",,,
2016,Flybe,Paris,150,3," 93,030.00 ",1975,296250,DCA,20:05,19:55,10," 208,000 ",,,
2016,Flybe,Paris,150,3," 7,522,057.50 ",1975,296250,DCA,20:05,19:55,10," 468,000 ",,,
2016,Flybe,Tokyo,1500,3," 32,657.23 ",1693,2539500,SNA,21:20,21:00,7," 16,700 ",,,
2016,Flybe,Tokyo,1500,3," 783,000.00 ",1693,2539500,SNA,21:20,21:00,7," 547,000 ",,,
2017,Atlanta Airline,Accra,750,2, 758.45 ,1032,774000,PHX,19:40,22:18,9," 3,790,000 ",,,
2017,Atlanta Airline,Accra,750,2," 83,600.00 ",1032,774000,PHX,19:40,22:18,9," 45,200 ",,,
2017,Atlanta Airline,Armsterdam,170,2," 2,235.04 ",1279,217430,BDL,13:18,13:01,8," 23,800,000 ",,,
2017,Atlanta Airline,Armsterdam,170,2," 527,000,000.00 ",1279,217430,BDL,13:18,13:01,8," 92,500,000 ",,,
2017,Atlanta Airline,Barcelona,200,1," 368,858.53 ",161,32200,LAX,19:02,19:22,11," 340,000 ",,,
2017,Atlanta Airline,Barcelona,200,1," 1,285,220.00 ",561,112200,LAX,19:02,19:22,11," 8,030,000 ",,,
2017,Atlanta Airline,Barcelona,200,4," 44,242.00 ",2074,414800,TPA,20:14,19:49,10," 181,000 ",,,
2017,Atlanta Airline,Barcelona,200,4," 4,453,664.50 ",2074,414800,TPA,20:14,19:49,10," 63,300 ",,,
2017,Atlanta Airline,Belfast,150,4," 17,820.00 ",2011,301650,EWR,13:04,12:45,8," 6,390,000 ",,,
2017,Atlanta Airline,Belfast,150,4," 871,578.60 ",2011,301650,EWR,13:04,12:45,8," 4,830,000 ",,,
2017,Atlanta Airline,Berlin,120,4," 51,210.00 ",1852,222240,SRQ,07:39,07:36,10," 97,400,000 ",,,
2017,Atlanta Airline,Berlin,120,4," 88,520.76 ",1852,222240,SRQ,07:39,07:36,10," 21,848,490 ",,,
2017,Atlanta Airline,Dubai,350,3," 419,593.94 ",1091,381850,CMH,14:09,14:10,10," 6,440,000 ",,,
2017,Atlanta Airline,Dubai,350,3," 699,420.44 ",1091,381850,CMH,14:09,14:10,10," 49,400,000 ",,,
2017,Atlanta Airline,Dublin,250,2," 3,891.17 ",1517,379250,JAX,06:40,06:31,7," 4,030,000 ",,,
2017,Atlanta Airline,Dublin,250,2," 3,205,367.00 ",1517,379250,JAX,06:40,06:31,7," 18,600,000 ",,,
2017,Atlanta Airline,Lisbon,320,1," 108,890.00 ",1962,627840,ABQ,11:16,11:30,8," 414,000,000 ",,,
2017,Atlanta Airline,Lisbon,320,1," 2,173,130.20 ",1962,627840,ABQ,11:16,11:30,8," 4,790,000 ",,,
2017,Atlanta Airline,London,450,2," 2,366.94 ",1731,778950,DAY,07:45,07:39,17," 1,150,000 ",,,
2017,Atlanta Airline,London,450,2," 2,228,384.00 ",1731,778950,DAY,07:45,07:39,17," 458,000 ",,,
2017,Atlanta Airline,Milan,180,3," 245,806.77 ",1655,297900,MSP,21:00,21:19,10," 2,360,000 ",,,
2017,Atlanta Airline,Milan,180,3," 1,730,000.00 ",1655,297900,MSP,21:00,21:19,10," 199,000 ",,,
2017,Atlanta Airline,New York,450,4, 370.06 ,1604,721800,MDW,18:15,18:18,14," 38,700 ",,,
2017,Atlanta Airline,New York,450,4," 6,342,017.50 ",1604,721800,MDW,18:15,18:18,14," 1,250,000 ",,,
2017,Atlanta Airline,Paris,150,1, 285.79 ,509,76350,ROC,08:55,08:26,7," 8,100,000,000 ",,,
2017,Atlanta Airline,Paris,150,1," 637,660.00 ",509,76350,ROC,08:55,08:26,7," 3,230,000 ",,,
2017,Atlanta Airline,Tokyo,1500,2," 9,250.00 ",1899,2848500,RIC,08:51,13:16,7," 12,984,890 ",,,
2017,Atlanta Airline,Tokyo,1500,2," 23,434.00 ",1899,2848500,RIC,08:51,13:16,7," 1,570,000 ",,,
2017,British airways,Accra,750,3, 578.91 ,1620,1215000,MSP,19:45,19:58,10," 623,220 ",,,
2017,British airways,Accra,750,3," 145,000.00 ",1620,1215000,MSP,19:45,19:58,10," 519,000 ",,,
2017,British airways,Armsterdam,170,3," 2,780,400.00 ",1766,300220,HDN,18:04,18:03,11," 830,000 ",,,
2017,British airways,Armsterdam,170,3," 813,341.10 ",1766,300220,HDN,18:04,18:03,11," 1,430,000 ",,,
2017,British airways,Barcelona,200,4," 4,424,224.00 ",1308,261600,MCO,10:19,10:16,16," 3,880,000 ",,,
2017,British airways,Barcelona,200,4," 2,510,492.80 ",1308,261600,MCO,10:19,10:16,16," 1,020,000 ",,,
2017,British airways,Belfast,150,1," 20,503.74 ",1162,174300,PBI,16:40,17:24,13," 49,900,000 ",,,
2017,British airways,Belfast,150,1," 70,708.45 ",1162,174300,PBI,16:40,17:24,13," 142,230 ",,,
2017,British airways,Berlin,120,4," 102,599.33 ",116,13920,LAX,16:19,16:18,7," 1,830,000 ",,,
2017,British airways,Berlin,120,4," 26,340.00 ",116,13920,LAX,16:19,16:18,7," 3,500,000 ",,,
2017,British airways,Berlin,120,5," 147,180.00 ",2094,251280,LAX,23:58,23:36,7," 2,325,250 ",,,
2017,British airways,Berlin,120,5," 1,166,765.50 ",2094,251280,LAX,23:58,23:36,7," 836,000 ",,,
2017,British airways,Dubai,350,4," 21,976.67 ",1694,592900,SLC,22:37,22:49,8," 119,000 ",,,
2017,British airways,Dubai,350,4," 123,267.00 ",1694,592900,SLC,22:37,22:49,8," 63,500,000 ",,,
2017,British airways,Dublin,250,4," 475,440.00 ",1867,466750,BOS,18:51,19:04,35," 56,800,000 ",,,
2017,British airways,Dublin,250,4," 1,020,255.00 ",1867,466750,BOS,18:51,19:04,35," 25,500 ",,,
2017,British airways,Lisbon,320,4, 285.79 ,1052,336640,SEA,14:57,15:12,10," 552,000 ",,,
2017,British airways,Lisbon,320,4," 6,020.00 ",1052,336640,SEA,14:57,15:12,10," 44,800 ",,,
2017,British airways,London,450,2," 65,300.00 ",2032,914400,FLL,10:49,10:41,10," 4,040,000 ",,,
2017,British airways,London,450,2," 472,690.97 ",2032,914400,FLL,10:49,10:41,10," 918,000,000 ",,,
2017,British airways,Milan,180,4," 103,000.00 ",1978,356040,SAT,19:26,19:25,21," 593,000 ",,,
2017,British airways,Milan,180,4," 4,636,077.00 ",1978,356040,SAT,19:26,19:25,21," 2,090,000 ",,,
2017,British airways,New York,450,2," 21,040.00 ",1918,863100,DFW,12:45,12:52,10," 120,000 ",,,
2017,British airways,New York,450,2," 3,647,344.80 ",1918,863100,DFW,12:45,12:52,10," 463,697 ",,,
2017,British airways,Paris,150,2," 31,444.45 ",1542,231300,SLC,19:28,19:41,18," 1,850,000 ",,,
2017,British airways,Paris,150,2," 6,551,360.00 ",1542,231300,SLC,19:28,19:41,18," 6,360,000 ",,,
2017,British airways,Tokyo,1500,2," 463,234.00 ",676,1014000,STT,20:34,20:28,9," 52,400,000 ",,,
2017,British airways,Tokyo,1500,2," 41,280.00 ",676,1014000,STT,20:34,20:28,9," 2,700,000 ",,,
2017,Easy jet,Accra,750,1," 4,000.00 ",1948,1461000,SAN,15:03,14:58,8," 1,430,000 ",,,
2017,Easy jet,Accra,750,1," 248,000.00 ",1948,1461000,SAN,15:03,14:58,8," 256,000 ",,,
2017,Easy jet,Armsterdam,170,3," 1,240,190.00 ",2054,349180,TPA,07:03,06:51,7," 798,000 ",,,
2017,Easy jet,Armsterdam,170,3," 1,060,000.00 ",2054,349180,TPA,07:03,06:51,7," 4,245,670 ",,,
2017,Easy jet,Barcelona,200,4, 430.00 ,1787,357400,LGA,17:55,17:39,28," 614,000 ",,,
2017,Easy jet,Barcelona,200,4," 11,600,000.00 ",1787,357400,LGA,17:55,17:39,28," 345,000 ",,,
2017,Easy jet,Belfast,150,2," 5,776,431.50 ",1711,256650,DTW,11:26,11:27,11," 1,620,000 ",,,
2017,Easy jet,Belfast,150,2," 708,906.60 ",1711,256650,DTW,11:26,11:27,11," 523,680 ",,,
2017,Easy jet,Berlin,120,1," 534,414.00 ",1483,177960,PIT,10:10,10:57,7," 1,250,000 ",,,
2017,Easy jet,Berlin,120,1," 8,202,303.50 ",1483,177960,PIT,10:10,10:57,7," 23,400,000 ",,,
2017,Easy jet,Dubai,350,4," 10,990.00 ",1994,697900,MIA,16:55,16:46,14," 113,000,000 ",,,
2017,Easy jet,Dubai,350,4," 878,184.06 ",1994,697900,MIA,16:55,16:46,14," 1,080,000 ",,,
2017,Easy jet,Dublin,250,1," 325,487.78 ",377,94250,MSP,13:49,14:12,11," 80,500,000 ",,,
2017,Easy jet,Dublin,250,1," 196,720.00 ",377,94250,MSP,13:49,14:12,11," 2,290,000 ",,,
2017,Easy jet,Dublin,250,3," 44,322,124.00 ",2085,521250,JAX,10:45,10:32,9," 600,000 ",,,
2017,Easy jet,Dublin,250,3," 473,090.00 ",2085,521250,JAX,10:45,10:32,9," 4,340,000 ",,,
2017,Easy jet,Lisbon,320,3," 343,701.53 ",1636,523520,MEM,08:21,08:13,9," 1,610,000 ",,,
2017,Easy jet,Lisbon,320,3," 1,999,683.50 ",1636,523520,MEM,08:21,08:13,9," 9,820,000 ",,,
2017,Easy jet,London,450,3," 1,432.62 ",1221,549450,BNA,08:57,08:51,9," 165,000 ",,,
2017,Easy jet,London,450,3," 785,879.10 ",1221,549450,BNA,08:57,08:51,9," 34,300,000 ",,,
2017,Easy jet,Milan,180,2, 271.14 ,1074,193320,SFO,06:21,06:07,13," 36,200,000 ",,,
2017,Easy jet,Milan,180,2," 8,578,749.00 ",1074,193320,SFO,06:21,06:07,13," 56,343,540 ",,,
2017,Easy jet,New York,450,5," 46,078.47 ",1016,457200,SAT,14:10,14:19,8," 678,000 ",,,
2017,Easy jet,New York,450,5, 750.00 ,1016,457200,SAT,14:10,14:19,8," 148,000 ",,,
2017,Easy jet,Paris,150,3," 1,861.00 ",1884,282600,TUS,12:33,12:32,9," 98,800,000 ",,,
2017,Easy jet,Paris,150,3," 272,571.00 ",1884,282600,TUS,12:33,12:32,9," 1,150,000 ",,,
2017,Easy jet,Tokyo,1500,5," 302,389.90 ",1565,2347500,MSP,14:55,15:06,10," 944,000 ",,,
2017,Easy jet,Tokyo,1500,5," 6,813,200.00 ",1565,2347500,MSP,14:55,15:06,10," 7,100,000 ",,,
